{"cameraMode":{"drawMode":0,"name":"Shaded","section":"Shading Mode"},"sceneLighting":true,"audioPlay":false,"sceneViewState":{"showFog":true,"showMaterialUpdate":false,"showSkybox":true,"showFlares":true,"showImageEffects":true,"showParticleSystems":true},"in2DMode":false,"pivot":{"x":0.03477419540286064,"y":0.6675893068313599,"z":0.26733171939849856},"rotation":{"x":-0.2658022344112396,"y":-0.35628026723861697,"z":0.10647306591272354,"w":-0.8894250988960266},"size":2.9912045001983644,"orthographic":true}