{"cameraMode":{"drawMode":0,"name":"Shaded","section":"Shading Mode"},"sceneLighting":true,"audioPlay":false,"sceneViewState":{"showFog":true,"showMaterialUpdate":false,"showSkybox":true,"showFlares":true,"showImageEffects":true,"showParticleSystems":true},"in2DMode":false,"pivot":{"x":-21.535785675048829,"y":30.052696228027345,"z":-137.1098175048828},"rotation":{"x":-0.10963649302721024,"y":-0.09823645651340485,"z":0.01088967639952898,"w":-0.9890454411506653},"size":9.70691967010498,"orthographic":false}