{"cameraMode":{"drawMode":0,"name":"Shaded","section":"Shading Mode"},"sceneLighting":true,"audioPlay":false,"sceneViewState":{"showFog":true,"showMaterialUpdate":false,"showSkybox":true,"showFlares":true,"showImageEffects":true,"showParticleSystems":true},"in2DMode":false,"pivot":{"x":0.9021453857421875,"y":0.6573486328125,"z":-0.30810546875},"rotation":{"x":0.12185908854007721,"y":-0.061898503452539447,"z":0.007615799084305763,"w":0.9905861616134644},"size":2.7371673583984377,"orthographic":true}